Sector ID,Sector,Year,GDP,Time
11,"Agricultura, cría y explotación de animales, aprovechamiento forestal, pesca y caza",1993,79188250000.00,1993
11,"Agricultura, cría y explotación de animales, aprovechamiento forestal, pesca y caza",1994,81539250000.00,1994
11,"Agricultura, cría y explotación de animales, aprovechamiento forestal, pesca y caza",1995,100801500000.00,1995
11,"Agricultura, cría y explotación de animales, aprovechamiento forestal, pesca y caza",1996,150412500000.00,1996
11,"Agricultura, cría y explotación de animales, aprovechamiento forestal, pesca y caza",1997,174868750000.00,1997
11,"Agricultura, cría y explotación de animales, aprovechamiento forestal, pesca y caza",1998,199015500000.00,1998
11,"Agricultura, cría y explotación de animales, aprovechamiento forestal, pesca y caza",1999,210631750000.00,1999
11,"Agricultura, cría y explotación de animales, aprovechamiento forestal, pesca y caza",2000,221672750000.00,2000
11,"Agricultura, cría y explotación de animales, aprovechamiento forestal, pesca y caza",2001,239882750000.00,2001
11,"Agricultura, cría y explotación de animales, aprovechamiento forestal, pesca y caza",2002,243471250000.00,2002
11,"Agricultura, cría y explotación de animales, aprovechamiento forestal, pesca y caza",2003,264912250000.00,2003
11,"Agricultura, cría y explotación de animales, aprovechamiento forestal, pesca y caza",2004,294648250000.00,2004
11,"Agricultura, cría y explotación de animales, aprovechamiento forestal, pesca y caza",2005,294555000000.00,2005
11,"Agricultura, cría y explotación de animales, aprovechamiento forestal, pesca y caza",2006,327259500000.00,2006
11,"Agricultura, cría y explotación de animales, aprovechamiento forestal, pesca y caza",2007,366445500000.00,2007
11,"Agricultura, cría y explotación de animales, aprovechamiento forestal, pesca y caza",2008,391550250000.00,2008
11,"Agricultura, cría y explotación de animales, aprovechamiento forestal, pesca y caza",2009,395298250000.00,2009
11,"Agricultura, cría y explotación de animales, aprovechamiento forestal, pesca y caza",2010,431895750000.00,2010
11,"Agricultura, cría y explotación de animales, aprovechamiento forestal, pesca y caza",2011,454341750000.00,2011
11,"Agricultura, cría y explotación de animales, aprovechamiento forestal, pesca y caza",2012,503927750000.00,2012
11,"Agricultura, cría y explotación de animales, aprovechamiento forestal, pesca y caza",2013,512780750000.00,2013
11,"Agricultura, cría y explotación de animales, aprovechamiento forestal, pesca y caza",2014,549051000000.00,2014
11,"Agricultura, cría y explotación de animales, aprovechamiento forestal, pesca y caza",2015,593238250000.00,2015
11,"Agricultura, cría y explotación de animales, aprovechamiento forestal, pesca y caza",2016,673890000000.00,2016
11,"Agricultura, cría y explotación de animales, aprovechamiento forestal, pesca y caza",2017,743133750000.00,2017
11,"Agricultura, cría y explotación de animales, aprovechamiento forestal, pesca y caza",2018,797094500000.00,2018
11,"Agricultura, cría y explotación de animales, aprovechamiento forestal, pesca y caza",2019,832794250000.00,2019
11,"Agricultura, cría y explotación de animales, aprovechamiento forestal, pesca y caza",2020,893895000000.00,2020
11,"Agricultura, cría y explotación de animales, aprovechamiento forestal, pesca y caza",2021,1009594250000.00,2021
11,"Agricultura, cría y explotación de animales, aprovechamiento forestal, pesca y caza",2023,1214427500000.00,2023
11,"Agricultura, cría y explotación de animales, aprovechamiento forestal, pesca y caza",2024,1153748000000.00,2024
21,Minería,1993,95249000000.00,1993
21,Minería,1994,98542250000.00,1994
21,Minería,1995,145586250000.00,1995
21,Minería,1996,186202750000.00,1996
21,Minería,1997,243776750000.00,1997
21,Minería,1998,261966750000.00,1998
21,Minería,1999,354053500000.00,1999
21,Minería,2000,425645250000.00,2000
21,Minería,2001,452697250000.00,2001
21,Minería,2002,490116250000.00,2002
21,Minería,2003,406554750000.00,2003
21,Minería,2004,568954250000.00,2004
21,Minería,2005,701964250000.00,2005
21,Minería,2006,803346500000.00,2006
21,Minería,2007,911656750000.00,2007
21,Minería,2008,1052692750000.00,2008
21,Minería,2009,782592000000.00,2009
21,Minería,2010,956298000000.00,2010
21,Minería,2011,1276203250000.00,2011
21,Minería,2012,1288602750000.00,2012
21,Minería,2013,1150324500000.00,2013
21,Minería,2014,1144157250000.00,2014
21,Minería,2015,716106500000.00,2015
21,Minería,2016,719496500000.00,2016
21,Minería,2017,887502500000.00,2017
21,Minería,2018,948326250000.00,2018
21,Minería,2019,1041792750000.00,2019
21,Minería,2020,894525750000.00,2020
21,Minería,2021,1005807500000.00,2021
21,Minería,2023,853058000000.00,2023
21,Minería,2024,823130000000.00,2024
22,"Generación, transmisión, distribución y comercialización de energía eléctrica, suministro de agua y de gas natural por ductos al consumidor final",1993,20449750000.00,1993
22,"Generación, transmisión, distribución y comercialización de energía eléctrica, suministro de agua y de gas natural por ductos al consumidor final",1994,23762000000.00,1994
22,"Generación, transmisión, distribución y comercialización de energía eléctrica, suministro de agua y de gas natural por ductos al consumidor final",1995,33723750000.00,1995
22,"Generación, transmisión, distribución y comercialización de energía eléctrica, suministro de agua y de gas natural por ductos al consumidor final",1996,47497000000.00,1996
22,"Generación, transmisión, distribución y comercialización de energía eléctrica, suministro de agua y de gas natural por ductos al consumidor final",1997,59150000000.00,1997
22,"Generación, transmisión, distribución y comercialización de energía eléctrica, suministro de agua y de gas natural por ductos al consumidor final",1998,70075250000.00,1998
22,"Generación, transmisión, distribución y comercialización de energía eléctrica, suministro de agua y de gas natural por ductos al consumidor final",1999,94046000000.00,1999
22,"Generación, transmisión, distribución y comercialización de energía eléctrica, suministro de agua y de gas natural por ductos al consumidor final",2000,103213250000.00,2000
22,"Generación, transmisión, distribución y comercialización de energía eléctrica, suministro de agua y de gas natural por ductos al consumidor final",2001,113936500000.00,2001
22,"Generación, transmisión, distribución y comercialización de energía eléctrica, suministro de agua y de gas natural por ductos al consumidor final",2002,130229750000.00,2002
22,"Generación, transmisión, distribución y comercialización de energía eléctrica, suministro de agua y de gas natural por ductos al consumidor final",2003,148285250000.00,2003
22,"Generación, transmisión, distribución y comercialización de energía eléctrica, suministro de agua y de gas natural por ductos al consumidor final",2004,162942500000.00,2004
22,"Generación, transmisión, distribución y comercialización de energía eléctrica, suministro de agua y de gas natural por ductos al consumidor final",2005,174684500000.00,2005
22,"Generación, transmisión, distribución y comercialización de energía eléctrica, suministro de agua y de gas natural por ductos al consumidor final",2006,188981250000.00,2006
22,"Generación, transmisión, distribución y comercialización de energía eléctrica, suministro de agua y de gas natural por ductos al consumidor final",2007,205691250000.00,2007
22,"Generación, transmisión, distribución y comercialización de energía eléctrica, suministro de agua y de gas natural por ductos al consumidor final",2008,229790750000.00,2008
22,"Generación, transmisión, distribución y comercialización de energía eléctrica, suministro de agua y de gas natural por ductos al consumidor final",2009,240784250000.00,2009
22,"Generación, transmisión, distribución y comercialización de energía eléctrica, suministro de agua y de gas natural por ductos al consumidor final",2010,233256750000.00,2010
22,"Generación, transmisión, distribución y comercialización de energía eléctrica, suministro de agua y de gas natural por ductos al consumidor final",2011,224699250000.00,2011
22,"Generación, transmisión, distribución y comercialización de energía eléctrica, suministro de agua y de gas natural por ductos al consumidor final",2012,215170000000.00,2012
22,"Generación, transmisión, distribución y comercialización de energía eléctrica, suministro de agua y de gas natural por ductos al consumidor final",2013,235160500000.00,2013
22,"Generación, transmisión, distribución y comercialización de energía eléctrica, suministro de agua y de gas natural por ductos al consumidor final",2014,282425250000.00,2014
22,"Generación, transmisión, distribución y comercialización de energía eléctrica, suministro de agua y de gas natural por ductos al consumidor final",2015,276551250000.00,2015
22,"Generación, transmisión, distribución y comercialización de energía eléctrica, suministro de agua y de gas natural por ductos al consumidor final",2016,287138000000.00,2016
22,"Generación, transmisión, distribución y comercialización de energía eléctrica, suministro de agua y de gas natural por ductos al consumidor final",2017,422565750000.00,2017
22,"Generación, transmisión, distribución y comercialización de energía eléctrica, suministro de agua y de gas natural por ductos al consumidor final",2018,456906500000.00,2018
22,"Generación, transmisión, distribución y comercialización de energía eléctrica, suministro de agua y de gas natural por ductos al consumidor final",2019,515929250000.00,2019
22,"Generación, transmisión, distribución y comercialización de energía eléctrica, suministro de agua y de gas natural por ductos al consumidor final",2020,468536250000.00,2020
22,"Generación, transmisión, distribución y comercialización de energía eléctrica, suministro de agua y de gas natural por ductos al consumidor final",2021,423585250000.00,2021
22,"Generación, transmisión, distribución y comercialización de energía eléctrica, suministro de agua y de gas natural por ductos al consumidor final",2023,650756000000.00,2023
22,"Generación, transmisión, distribución y comercialización de energía eléctrica, suministro de agua y de gas natural por ductos al consumidor final",2024,623564000000.00,2024
23,Construcción,1993,89880000000.00,1993
23,Construcción,1994,118033500000.00,1994
23,Construcción,1995,116553750000.00,1995
23,Construcción,1996,164629000000.00,1996
23,Construcción,1997,211514250000.00,1997
23,Construcción,1998,275707500000.00,1998
23,Construcción,1999,335675750000.00,1999
23,Construcción,2000,407311000000.00,2000
23,Construcción,2001,421186500000.00,2001
23,Construcción,2002,446831750000.00,2002
23,Construcción,2003,491856000000.00,2003
23,Construcción,2004,577730750000.00,2004
23,Construcción,2005,620896000000.00,2005
23,Construcción,2006,718683000000.00,2006
23,Construcción,2007,781475000000.00,2007
23,Construcción,2008,872979750000.00,2008
23,Construcción,2009,833673750000.00,2009
23,Construcción,2010,863939500000.00,2010
23,Construcción,2011,957728750000.00,2011
23,Construcción,2012,1024571500000.00,2012
23,Construcción,2013,999173500000.00,2013
23,Construcción,2014,1056212500000.00,2014
23,Construcción,2015,1125725000000.00,2015
23,Construcción,2016,1224522500000.00,2016
23,Construcción,2017,1348496250000.00,2017
23,Construcción,2018,1460789000000.00,2018
23,Construcción,2019,1444470750000.00,2019
23,Construcción,2020,1242089750000.00,2020
23,Construcción,2021,1542192250000.00,2021
23,Construcción,2023,2149423500000.00,2023
23,Construcción,2024,2153883000000.00,2024
31-33,Industrias manufactureras,1993,339313000000.00,1993
31-33,Industrias manufactureras,1994,368239000000.00,1994
31-33,Industrias manufactureras,1995,516595000000.00,1995
31-33,Industrias manufactureras,1996,729511500000.00,1996
31-33,Industrias manufactureras,1997,926912750000.00,1997
31-33,Industrias manufactureras,1998,1131902000000.00,1998
31-33,Industrias manufactureras,1999,1282969750000.00,1999
31-33,Industrias manufactureras,2000,1476614000000.00,2000
31-33,Industrias manufactureras,2001,1489359000000.00,2001
31-33,Industrias manufactureras,2002,1505373250000.00,2002
31-33,Industrias manufactureras,2003,1555109750000.00,2003
31-33,Industrias manufactureras,2004,1742920250000.00,2004
31-33,Industrias manufactureras,2005,1807634750000.00,2005
31-33,Industrias manufactureras,2006,2112713750000.00,2006
31-33,Industrias manufactureras,2007,2200022750000.00,2007
31-33,Industrias manufactureras,2008,2349609000000.00,2008
31-33,Industrias manufactureras,2009,2222578500000.00,2009
31-33,Industrias manufactureras,2010,2491667750000.00,2010
31-33,Industrias manufactureras,2011,2705625250000.00,2011
31-33,Industrias manufactureras,2012,3107480750000.00,2012
31-33,Industrias manufactureras,2013,3069151000000.00,2013
31-33,Industrias manufactureras,2014,3306297500000.00,2014
31-33,Industrias manufactureras,2015,3811769000000.00,2015
31-33,Industrias manufactureras,2016,4124517250000.00,2016
31-33,Industrias manufactureras,2017,4543710000000.00,2017
31-33,Industrias manufactureras,2018,4881116000000.00,2018
31-33,Industrias manufactureras,2019,4996165750000.00,2019
31-33,Industrias manufactureras,2020,4861736750000.00,2020
31-33,Industrias manufactureras,2021,5561091000000.00,2021
31-33,Industrias manufactureras,2023,6373904000000.00,2023
31-33,Industrias manufactureras,2024,6263154000000.00,2024
43,Comercio al por mayor,1993,124107500000.00,1993
43,Comercio al por mayor,1994,138646750000.00,1994
43,Comercio al por mayor,1995,203685500000.00,1995
43,Comercio al por mayor,1996,289556750000.00,1996
43,Comercio al por mayor,1997,371437000000.00,1997
43,Comercio al por mayor,1998,450336250000.00,1998
43,Comercio al por mayor,1999,516767000000.00,1999
43,Comercio al por mayor,2000,598667250000.00,2000
43,Comercio al por mayor,2001,593741500000.00,2001
43,Comercio al por mayor,2002,605522000000.00,2002
43,Comercio al por mayor,2003,655180000000.00,2003
43,Comercio al por mayor,2004,740933500000.00,2004
43,Comercio al por mayor,2005,795570500000.00,2005
43,Comercio al por mayor,2006,882893000000.00,2006
43,Comercio al por mayor,2007,961866250000.00,2007
43,Comercio al por mayor,2008,1057092500000.00,2008
43,Comercio al por mayor,2009,1025227250000.00,2009
43,Comercio al por mayor,2010,1149905750000.00,2010
43,Comercio al por mayor,2011,1296070250000.00,2011
43,Comercio al por mayor,2012,1448572000000.00,2012
43,Comercio al por mayor,2013,1463191250000.00,2013
43,Comercio al por mayor,2014,1543654750000.00,2014
43,Comercio al por mayor,2015,1726367750000.00,2015
43,Comercio al por mayor,2016,1925216500000.00,2016
43,Comercio al por mayor,2017,2093583000000.00,2017
43,Comercio al por mayor,2018,2268261000000.00,2018
43,Comercio al por mayor,2019,2283927500000.00,2019
43,Comercio al por mayor,2020,2205644250000.00,2020
43,Comercio al por mayor,2021,2520003250000.00,2021
43,Comercio al por mayor,2023,3174123500000.00,2023
43,Comercio al por mayor,2024,3255216000000.00,2024
46,Comercio al por menor,1993,142307000000.00,1993
46,Comercio al por menor,1994,154463750000.00,1994
46,Comercio al por menor,1995,219380750000.00,1995
46,Comercio al por menor,1996,308788500000.00,1996
46,Comercio al por menor,1997,370668250000.00,1997
46,Comercio al por menor,1998,465353750000.00,1998
46,Comercio al por menor,1999,534717500000.00,1999
46,Comercio al por menor,2000,636852250000.00,2000
46,Comercio al por menor,2001,648361500000.00,2001
46,Comercio al por menor,2002,679815750000.00,2002
46,Comercio al por menor,2003,715332750000.00,2003
46,Comercio al por menor,2004,811230250000.00,2004
46,Comercio al por menor,2005,881088750000.00,2005
46,Comercio al por menor,2006,950399750000.00,2006
46,Comercio al por menor,2007,1031665000000.00,2007
46,Comercio al por menor,2008,1118279500000.00,2008
46,Comercio al por menor,2009,1057352250000.00,2009
46,Comercio al por menor,2010,1199092500000.00,2010
46,Comercio al por menor,2011,1348939000000.00,2011
46,Comercio al por menor,2012,1481426750000.00,2012
46,Comercio al por menor,2013,1526027500000.00,2013
46,Comercio al por menor,2014,1595616250000.00,2014
46,Comercio al por menor,2015,1706380000000.00,2015
46,Comercio al por menor,2016,1886970000000.00,2016
46,Comercio al por menor,2017,2068379500000.00,2017
46,Comercio al por menor,2018,2241444000000.00,2018
46,Comercio al por menor,2019,2285467500000.00,2019
46,Comercio al por menor,2020,2202613500000.00,2020
46,Comercio al por menor,2021,2532723000000.00,2021
46,Comercio al por menor,2023,3168331500000.00,2023
46,Comercio al por menor,2024,3208977000000.00,2024
48-49,"Transportes, correos y almacenamiento",1993,89392750000.00,1993
48-49,"Transportes, correos y almacenamiento",1994,100598250000.00,1994
48-49,"Transportes, correos y almacenamiento",1995,138120750000.00,1995
48-49,"Transportes, correos y almacenamiento",1996,195435500000.00,1996
48-49,"Transportes, correos y almacenamiento",1997,257772250000.00,1997
48-49,"Transportes, correos y almacenamiento",1998,322671000000.00,1998
48-49,"Transportes, correos y almacenamiento",1999,389841250000.00,1999
48-49,"Transportes, correos y almacenamiento",2000,464545500000.00,2000
48-49,"Transportes, correos y almacenamiento",2001,489614000000.00,2001
48-49,"Transportes, correos y almacenamiento",2002,500701250000.00,2002
48-49,"Transportes, correos y almacenamiento",2003,518435500000.00,2003
48-49,"Transportes, correos y almacenamiento",2004,576555000000.00,2004
48-49,"Transportes, correos y almacenamiento",2005,633664500000.00,2005
48-49,"Transportes, correos y almacenamiento",2006,706907000000.00,2006
48-49,"Transportes, correos y almacenamiento",2007,757598750000.00,2007
48-49,"Transportes, correos y almacenamiento",2008,795661750000.00,2008
48-49,"Transportes, correos y almacenamiento",2009,783644750000.00,2009
48-49,"Transportes, correos y almacenamiento",2010,906561000000.00,2010
48-49,"Transportes, correos y almacenamiento",2011,982169250000.00,2011
48-49,"Transportes, correos y almacenamiento",2012,1077563250000.00,2012
48-49,"Transportes, correos y almacenamiento",2013,1139509250000.00,2013
48-49,"Transportes, correos y almacenamiento",2014,1217693500000.00,2014
48-49,"Transportes, correos y almacenamiento",2015,1298929000000.00,2015
48-49,"Transportes, correos y almacenamiento",2016,1379418500000.00,2016
48-49,"Transportes, correos y almacenamiento",2017,1507077250000.00,2017
48-49,"Transportes, correos y almacenamiento",2018,1653709500000.00,2018
48-49,"Transportes, correos y almacenamiento",2019,1727448000000.00,2019
48-49,"Transportes, correos y almacenamiento",2020,1475984250000.00,2020
48-49,"Transportes, correos y almacenamiento",2021,1756849750000.00,2021
48-49,"Transportes, correos y almacenamiento",2023,2297831000000.00,2023
48-49,"Transportes, correos y almacenamiento",2024,2409524000000.00,2024
51,Información en medios masivos,1993,24247250000.00,1993
51,Información en medios masivos,1994,29100500000.00,1994
51,Información en medios masivos,1995,33240250000.00,1995
51,Información en medios masivos,1996,43152250000.00,1996
51,Información en medios masivos,1997,51156500000.00,1997
51,Información en medios masivos,1998,68211500000.00,1998
51,Información en medios masivos,1999,87756000000.00,1999
51,Información en medios masivos,2000,106400000000.00,2000
51,Información en medios masivos,2001,123668000000.00,2001
51,Información en medios masivos,2002,133408250000.00,2002
51,Información en medios masivos,2003,145529500000.00,2003
51,Información en medios masivos,2004,172272000000.00,2004
51,Información en medios masivos,2005,200751000000.00,2005
51,Información en medios masivos,2006,233424000000.00,2006
51,Información en medios masivos,2007,278026000000.00,2007
51,Información en medios masivos,2008,295938000000.00,2008
51,Información en medios masivos,2009,311310250000.00,2009
51,Información en medios masivos,2010,325812750000.00,2010
51,Información en medios masivos,2011,320085500000.00,2011
51,Información en medios masivos,2012,326707250000.00,2012
51,Información en medios masivos,2013,337229000000.00,2013
51,Información en medios masivos,2014,344048750000.00,2014
51,Información en medios masivos,2015,343544500000.00,2015
51,Información en medios masivos,2016,328839000000.00,2016
51,Información en medios masivos,2017,349938000000.00,2017
51,Información en medios masivos,2018,371260250000.00,2018
51,Información en medios masivos,2019,380308000000.00,2019
51,Información en medios masivos,2020,345131500000.00,2020
51,Información en medios masivos,2021,374964250000.00,2021
51,Información en medios masivos,2023,439478750000.00,2023
51,Información en medios masivos,2024,430922000000.00,2024
52,Servicios financieros y de seguros,1993,64778000000.00,1993
52,Servicios financieros y de seguros,1994,68247500000.00,1994
52,Servicios financieros y de seguros,1995,83002000000.00,1995
52,Servicios financieros y de seguros,1996,71349750000.00,1996
52,Servicios financieros y de seguros,1997,71721000000.00,1997
52,Servicios financieros y de seguros,1998,87127750000.00,1998
52,Servicios financieros y de seguros,1999,111442250000.00,1999
52,Servicios financieros y de seguros,2000,113775250000.00,2000
52,Servicios financieros y de seguros,2001,153834500000.00,2001
52,Servicios financieros y de seguros,2002,162847250000.00,2002
52,Servicios financieros y de seguros,2003,187427500000.00,2003
52,Servicios financieros y de seguros,2004,216355750000.00,2004
52,Servicios financieros y de seguros,2005,281081750000.00,2005
52,Servicios financieros y de seguros,2006,304140500000.00,2006
52,Servicios financieros y de seguros,2007,358181000000.00,2007
52,Servicios financieros y de seguros,2008,391518250000.00,2008
52,Servicios financieros y de seguros,2009,412407250000.00,2009
52,Servicios financieros y de seguros,2010,439060250000.00,2010
52,Servicios financieros y de seguros,2011,458663250000.00,2011
52,Servicios financieros y de seguros,2012,486525250000.00,2012
52,Servicios financieros y de seguros,2013,568533000000.00,2013
52,Servicios financieros y de seguros,2014,599245250000.00,2014
52,Servicios financieros y de seguros,2015,620416750000.00,2015
52,Servicios financieros y de seguros,2016,727318500000.00,2016
52,Servicios financieros y de seguros,2017,815952500000.00,2017
52,Servicios financieros y de seguros,2018,886659500000.00,2018
52,Servicios financieros y de seguros,2019,936274000000.00,2019
52,Servicios financieros y de seguros,2020,935070750000.00,2020
52,Servicios financieros y de seguros,2021,936935000000.00,2021
52,Servicios financieros y de seguros,2023,1296995000000.00,2023
52,Servicios financieros y de seguros,2024,1347749000000.00,2024
53,Servicios inmobiliarios y de alquiler de bienes muebles e intangibles,1993,186926750000.00,1993
53,Servicios inmobiliarios y de alquiler de bienes muebles e intangibles,1994,216424500000.00,1994
53,Servicios inmobiliarios y de alquiler de bienes muebles e intangibles,1995,291693750000.00,1995
53,Servicios inmobiliarios y de alquiler de bienes muebles e intangibles,1996,374871000000.00,1996
53,Servicios inmobiliarios y de alquiler de bienes muebles e intangibles,1997,457040500000.00,1997
53,Servicios inmobiliarios y de alquiler de bienes muebles e intangibles,1998,564628250000.00,1998
53,Servicios inmobiliarios y de alquiler de bienes muebles e intangibles,1999,643709250000.00,1999
53,Servicios inmobiliarios y de alquiler de bienes muebles e intangibles,2000,734373750000.00,2000
53,Servicios inmobiliarios y de alquiler de bienes muebles e intangibles,2001,793626250000.00,2001
53,Servicios inmobiliarios y de alquiler de bienes muebles e intangibles,2002,845344000000.00,2002
53,Servicios inmobiliarios y de alquiler de bienes muebles e intangibles,2003,927183750000.00,2003
53,Servicios inmobiliarios y de alquiler de bienes muebles e intangibles,2004,1006289250000.00,2004
53,Servicios inmobiliarios y de alquiler de bienes muebles e intangibles,2005,1071845500000.00,2005
53,Servicios inmobiliarios y de alquiler de bienes muebles e intangibles,2006,1173166500000.00,2006
53,Servicios inmobiliarios y de alquiler de bienes muebles e intangibles,2007,1258818750000.00,2007
53,Servicios inmobiliarios y de alquiler de bienes muebles e intangibles,2008,1365585500000.00,2008
53,Servicios inmobiliarios y de alquiler de bienes muebles e intangibles,2009,1408812000000.00,2009
53,Servicios inmobiliarios y de alquiler de bienes muebles e intangibles,2010,1494411250000.00,2010
53,Servicios inmobiliarios y de alquiler de bienes muebles e intangibles,2011,1582125500000.00,2011
53,Servicios inmobiliarios y de alquiler de bienes muebles e intangibles,2012,1656594500000.00,2012
53,Servicios inmobiliarios y de alquiler de bienes muebles e intangibles,2013,1727659500000.00,2013
53,Servicios inmobiliarios y de alquiler de bienes muebles e intangibles,2014,1816401250000.00,2014
53,Servicios inmobiliarios y de alquiler de bienes muebles e intangibles,2015,1896517000000.00,2015
53,Servicios inmobiliarios y de alquiler de bienes muebles e intangibles,2016,1974529000000.00,2016
53,Servicios inmobiliarios y de alquiler de bienes muebles e intangibles,2017,2044118750000.00,2017
53,Servicios inmobiliarios y de alquiler de bienes muebles e intangibles,2018,2120659750000.00,2018
53,Servicios inmobiliarios y de alquiler de bienes muebles e intangibles,2019,2226259250000.00,2019
53,Servicios inmobiliarios y de alquiler de bienes muebles e intangibles,2020,2278332500000.00,2020
53,Servicios inmobiliarios y de alquiler de bienes muebles e intangibles,2021,2414036750000.00,2021
53,Servicios inmobiliarios y de alquiler de bienes muebles e intangibles,2023,2722302250000.00,2023
53,Servicios inmobiliarios y de alquiler de bienes muebles e intangibles,2024,2778490000000.00,2024
54,"Servicios profesionales, científicos y técnicos",1993,20651000000.00,1993
54,"Servicios profesionales, científicos y técnicos",1994,24503750000.00,1994
54,"Servicios profesionales, científicos y técnicos",1995,31172000000.00,1995
54,"Servicios profesionales, científicos y técnicos",1996,43906500000.00,1996
54,"Servicios profesionales, científicos y técnicos",1997,59214250000.00,1997
54,"Servicios profesionales, científicos y técnicos",1998,78347500000.00,1998
54,"Servicios profesionales, científicos y técnicos",1999,102560500000.00,1999
54,"Servicios profesionales, científicos y técnicos",2000,129168000000.00,2000
54,"Servicios profesionales, científicos y técnicos",2001,149560250000.00,2001
54,"Servicios profesionales, científicos y técnicos",2002,163463000000.00,2002
54,"Servicios profesionales, científicos y técnicos",2003,189224750000.00,2003
54,"Servicios profesionales, científicos y técnicos",2004,208956250000.00,2004
54,"Servicios profesionales, científicos y técnicos",2005,226690500000.00,2005
54,"Servicios profesionales, científicos y técnicos",2006,241792750000.00,2006
54,"Servicios profesionales, científicos y técnicos",2007,260744250000.00,2007
54,"Servicios profesionales, científicos y técnicos",2008,281026250000.00,2008
54,"Servicios profesionales, científicos y técnicos",2009,278175500000.00,2009
54,"Servicios profesionales, científicos y técnicos",2010,282195250000.00,2010
54,"Servicios profesionales, científicos y técnicos",2011,304656000000.00,2011
54,"Servicios profesionales, científicos y técnicos",2012,323535500000.00,2012
54,"Servicios profesionales, científicos y técnicos",2013,333404500000.00,2013
54,"Servicios profesionales, científicos y técnicos",2014,347390750000.00,2014
54,"Servicios profesionales, científicos y técnicos",2015,374089000000.00,2015
54,"Servicios profesionales, científicos y técnicos",2016,404420750000.00,2016
54,"Servicios profesionales, científicos y técnicos",2017,414270750000.00,2017
54,"Servicios profesionales, científicos y técnicos",2018,435679250000.00,2018
54,"Servicios profesionales, científicos y técnicos",2019,453112750000.00,2019
54,"Servicios profesionales, científicos y técnicos",2020,461711500000.00,2020
54,"Servicios profesionales, científicos y técnicos",2021,492055500000.00,2021
54,"Servicios profesionales, científicos y técnicos",2023,599510750000.00,2023
54,"Servicios profesionales, científicos y técnicos",2024,565379000000.00,2024
55,Dirección y administración de grupos empresariales o corporativos,1993,5933250000.00,1993
55,Dirección y administración de grupos empresariales o corporativos,1994,8649000000.00,1994
55,Dirección y administración de grupos empresariales o corporativos,1995,11579500000.00,1995
55,Dirección y administración de grupos empresariales o corporativos,1996,15115250000.00,1996
55,Dirección y administración de grupos empresariales o corporativos,1997,20713000000.00,1997
55,Dirección y administración de grupos empresariales o corporativos,1998,22023000000.00,1998
55,Dirección y administración de grupos empresariales o corporativos,1999,24387250000.00,1999
55,Dirección y administración de grupos empresariales o corporativos,2000,27703750000.00,2000
55,Dirección y administración de grupos empresariales o corporativos,2001,27860500000.00,2001
55,Dirección y administración de grupos empresariales o corporativos,2002,29731750000.00,2002
55,Dirección y administración de grupos empresariales o corporativos,2003,36957000000.00,2003
55,Dirección y administración de grupos empresariales o corporativos,2004,42847750000.00,2004
55,Dirección y administración de grupos empresariales o corporativos,2005,47112250000.00,2005
55,Dirección y administración de grupos empresariales o corporativos,2006,55771500000.00,2006
55,Dirección y administración de grupos empresariales o corporativos,2007,57089000000.00,2007
55,Dirección y administración de grupos empresariales o corporativos,2008,67883000000.00,2008
55,Dirección y administración de grupos empresariales o corporativos,2009,64446000000.00,2009
55,Dirección y administración de grupos empresariales o corporativos,2010,68251500000.00,2010
55,Dirección y administración de grupos empresariales o corporativos,2011,72933750000.00,2011
55,Dirección y administración de grupos empresariales o corporativos,2012,83555750000.00,2012
55,Dirección y administración de grupos empresariales o corporativos,2013,83335250000.00,2013
55,Dirección y administración de grupos empresariales o corporativos,2014,94081750000.00,2014
55,Dirección y administración de grupos empresariales o corporativos,2015,101050750000.00,2015
55,Dirección y administración de grupos empresariales o corporativos,2016,104451750000.00,2016
55,Dirección y administración de grupos empresariales o corporativos,2017,113170000000.00,2017
55,Dirección y administración de grupos empresariales o corporativos,2018,126888000000.00,2018
55,Dirección y administración de grupos empresariales o corporativos,2019,129557500000.00,2019
55,Dirección y administración de grupos empresariales o corporativos,2020,144695250000.00,2020
55,Dirección y administración de grupos empresariales o corporativos,2021,167061500000.00,2021
55,Dirección y administración de grupos empresariales o corporativos,2023,196712000000.00,2023
55,Dirección y administración de grupos empresariales o corporativos,2024,198805000000.00,2024
56,"Servicios de apoyo a los negocios y manejo de residuos, y servicios de remediación",1993,53051250000.00,1993
56,"Servicios de apoyo a los negocios y manejo de residuos, y servicios de remediación",1994,65023250000.00,1994
56,"Servicios de apoyo a los negocios y manejo de residuos, y servicios de remediación",1995,84520000000.00,1995
56,"Servicios de apoyo a los negocios y manejo de residuos, y servicios de remediación",1996,115744500000.00,1996
56,"Servicios de apoyo a los negocios y manejo de residuos, y servicios de remediación",1997,147046250000.00,1997
56,"Servicios de apoyo a los negocios y manejo de residuos, y servicios de remediación",1998,178851500000.00,1998
56,"Servicios de apoyo a los negocios y manejo de residuos, y servicios de remediación",1999,216874250000.00,1999
56,"Servicios de apoyo a los negocios y manejo de residuos, y servicios de remediación",2000,256381750000.00,2000
56,"Servicios de apoyo a los negocios y manejo de residuos, y servicios de remediación",2001,267404000000.00,2001
56,"Servicios de apoyo a los negocios y manejo de residuos, y servicios de remediación",2002,283693250000.00,2002
56,"Servicios de apoyo a los negocios y manejo de residuos, y servicios de remediación",2003,303077250000.00,2003
56,"Servicios de apoyo a los negocios y manejo de residuos, y servicios de remediación",2004,329959750000.00,2004
56,"Servicios de apoyo a los negocios y manejo de residuos, y servicios de remediación",2005,360560000000.00,2005
56,"Servicios de apoyo a los negocios y manejo de residuos, y servicios de remediación",2006,390780000000.00,2006
56,"Servicios de apoyo a los negocios y manejo de residuos, y servicios de remediación",2007,419879500000.00,2007
56,"Servicios de apoyo a los negocios y manejo de residuos, y servicios de remediación",2008,452408000000.00,2008
56,"Servicios de apoyo a los negocios y manejo de residuos, y servicios de remediación",2009,449788000000.00,2009
56,"Servicios de apoyo a los negocios y manejo de residuos, y servicios de remediación",2010,463205500000.00,2010
56,"Servicios de apoyo a los negocios y manejo de residuos, y servicios de remediación",2011,505373750000.00,2011
56,"Servicios de apoyo a los negocios y manejo de residuos, y servicios de remediación",2012,554329000000.00,2012
56,"Servicios de apoyo a los negocios y manejo de residuos, y servicios de remediación",2013,587346500000.00,2013
56,"Servicios de apoyo a los negocios y manejo de residuos, y servicios de remediación",2014,607764500000.00,2014
56,"Servicios de apoyo a los negocios y manejo de residuos, y servicios de remediación",2015,634522000000.00,2015
56,"Servicios de apoyo a los negocios y manejo de residuos, y servicios de remediación",2016,668837250000.00,2016
56,"Servicios de apoyo a los negocios y manejo de residuos, y servicios de remediación",2017,741150750000.00,2017
56,"Servicios de apoyo a los negocios y manejo de residuos, y servicios de remediación",2018,793516500000.00,2018
56,"Servicios de apoyo a los negocios y manejo de residuos, y servicios de remediación",2019,839434000000.00,2019
56,"Servicios de apoyo a los negocios y manejo de residuos, y servicios de remediación",2020,824429500000.00,2020
56,"Servicios de apoyo a los negocios y manejo de residuos, y servicios de remediación",2021,655910000000.00,2021
56,"Servicios de apoyo a los negocios y manejo de residuos, y servicios de remediación",2023,269699250000.00,2023
56,"Servicios de apoyo a los negocios y manejo de residuos, y servicios de remediación",2024,266324000000.00,2024
61,Servicios educativos,1993,51212750000.00,1993
61,Servicios educativos,1994,61798250000.00,1994
61,Servicios educativos,1995,74717500000.00,1995
61,Servicios educativos,1996,95301000000.00,1996
61,Servicios educativos,1997,121768500000.00,1997
61,Servicios educativos,1998,154942750000.00,1998
61,Servicios educativos,1999,191435000000.00,1999
61,Servicios educativos,2000,227260000000.00,2000
61,Servicios educativos,2001,263234500000.00,2001
61,Servicios educativos,2002,292296750000.00,2002
61,Servicios educativos,2003,327640250000.00,2003
61,Servicios educativos,2004,347139500000.00,2004
61,Servicios educativos,2005,381518000000.00,2005
61,Servicios educativos,2006,415836750000.00,2006
61,Servicios educativos,2007,449713500000.00,2007
61,Servicios educativos,2008,489869500000.00,2008
61,Servicios educativos,2009,517381250000.00,2009
61,Servicios educativos,2010,548074750000.00,2010
61,Servicios educativos,2011,586615750000.00,2011
61,Servicios educativos,2012,644330000000.00,2012
61,Servicios educativos,2013,678644000000.00,2013
61,Servicios educativos,2014,723383000000.00,2014
61,Servicios educativos,2015,774964500000.00,2015
61,Servicios educativos,2016,803258500000.00,2016
61,Servicios educativos,2017,834349500000.00,2017
61,Servicios educativos,2018,877923750000.00,2018
61,Servicios educativos,2019,922039750000.00,2019
61,Servicios educativos,2020,923233500000.00,2020
61,Servicios educativos,2021,960094000000.00,2021
61,Servicios educativos,2023,1090980500000.00,2023
61,Servicios educativos,2024,1130430000000.00,2024
62,Servicios de salud y de asistencia social,1993,30217250000.00,1993
62,Servicios de salud y de asistencia social,1994,34293000000.00,1994
62,Servicios de salud y de asistencia social,1995,42063000000.00,1995
62,Servicios de salud y de asistencia social,1996,50907750000.00,1996
62,Servicios de salud y de asistencia social,1997,62537000000.00,1997
62,Servicios de salud y de asistencia social,1998,82427750000.00,1998
62,Servicios de salud y de asistencia social,1999,106178250000.00,1999
62,Servicios de salud y de asistencia social,2000,125865500000.00,2000
62,Servicios de salud y de asistencia social,2001,149197250000.00,2001
62,Servicios de salud y de asistencia social,2002,164184000000.00,2002
62,Servicios de salud y de asistencia social,2003,181276250000.00,2003
62,Servicios de salud y de asistencia social,2004,193300500000.00,2004
62,Servicios de salud y de asistencia social,2005,202478250000.00,2005
62,Servicios de salud y de asistencia social,2006,218776250000.00,2006
62,Servicios de salud y de asistencia social,2007,236802000000.00,2007
62,Servicios de salud y de asistencia social,2008,263745750000.00,2008
62,Servicios de salud y de asistencia social,2009,280689500000.00,2009
62,Servicios de salud y de asistencia social,2010,303272500000.00,2010
62,Servicios de salud y de asistencia social,2011,335398500000.00,2011
62,Servicios de salud y de asistencia social,2012,360531250000.00,2012
62,Servicios de salud y de asistencia social,2013,390243750000.00,2013
62,Servicios de salud y de asistencia social,2014,409696250000.00,2014
62,Servicios de salud y de asistencia social,2015,440662750000.00,2015
62,Servicios de salud y de asistencia social,2016,464940500000.00,2016
62,Servicios de salud y de asistencia social,2017,504103750000.00,2017
62,Servicios de salud y de asistencia social,2018,547676750000.00,2018
62,Servicios de salud y de asistencia social,2019,586929250000.00,2019
62,Servicios de salud y de asistencia social,2020,641404500000.00,2020
62,Servicios de salud y de asistencia social,2021,702263250000.00,2021
62,Servicios de salud y de asistencia social,2023,789999750000.00,2023
62,Servicios de salud y de asistencia social,2024,825900000000.00,2024
71,"Servicios de esparcimiento culturales y deportivos, y otros servicios recreativos",1993,11986250000.00,1993
71,"Servicios de esparcimiento culturales y deportivos, y otros servicios recreativos",1994,13898500000.00,1994
71,"Servicios de esparcimiento culturales y deportivos, y otros servicios recreativos",1995,15278500000.00,1995
71,"Servicios de esparcimiento culturales y deportivos, y otros servicios recreativos",1996,18273000000.00,1996
71,"Servicios de esparcimiento culturales y deportivos, y otros servicios recreativos",1997,24072500000.00,1997
71,"Servicios de esparcimiento culturales y deportivos, y otros servicios recreativos",1998,28358250000.00,1998
71,"Servicios de esparcimiento culturales y deportivos, y otros servicios recreativos",1999,33466500000.00,1999
71,"Servicios de esparcimiento culturales y deportivos, y otros servicios recreativos",2000,38450000000.00,2000
71,"Servicios de esparcimiento culturales y deportivos, y otros servicios recreativos",2001,40487000000.00,2001
71,"Servicios de esparcimiento culturales y deportivos, y otros servicios recreativos",2002,44689750000.00,2002
71,"Servicios de esparcimiento culturales y deportivos, y otros servicios recreativos",2003,47985750000.00,2003
71,"Servicios de esparcimiento culturales y deportivos, y otros servicios recreativos",2004,50949500000.00,2004
71,"Servicios de esparcimiento culturales y deportivos, y otros servicios recreativos",2005,53477750000.00,2005
71,"Servicios de esparcimiento culturales y deportivos, y otros servicios recreativos",2006,59897500000.00,2006
71,"Servicios de esparcimiento culturales y deportivos, y otros servicios recreativos",2007,66184250000.00,2007
71,"Servicios de esparcimiento culturales y deportivos, y otros servicios recreativos",2008,69358500000.00,2008
71,"Servicios de esparcimiento culturales y deportivos, y otros servicios recreativos",2009,70686500000.00,2009
71,"Servicios de esparcimiento culturales y deportivos, y otros servicios recreativos",2010,77032750000.00,2010
71,"Servicios de esparcimiento culturales y deportivos, y otros servicios recreativos",2011,79601500000.00,2011
71,"Servicios de esparcimiento culturales y deportivos, y otros servicios recreativos",2012,84123750000.00,2012
71,"Servicios de esparcimiento culturales y deportivos, y otros servicios recreativos",2013,89599750000.00,2013
71,"Servicios de esparcimiento culturales y deportivos, y otros servicios recreativos",2014,90429250000.00,2014
71,"Servicios de esparcimiento culturales y deportivos, y otros servicios recreativos",2015,96306000000.00,2015
71,"Servicios de esparcimiento culturales y deportivos, y otros servicios recreativos",2016,102480500000.00,2016
71,"Servicios de esparcimiento culturales y deportivos, y otros servicios recreativos",2017,107935250000.00,2017
71,"Servicios de esparcimiento culturales y deportivos, y otros servicios recreativos",2018,115524250000.00,2018
71,"Servicios de esparcimiento culturales y deportivos, y otros servicios recreativos",2019,117958250000.00,2019
71,"Servicios de esparcimiento culturales y deportivos, y otros servicios recreativos",2020,71548000000.00,2020
71,"Servicios de esparcimiento culturales y deportivos, y otros servicios recreativos",2021,93885000000.00,2021
71,"Servicios de esparcimiento culturales y deportivos, y otros servicios recreativos",2023,152166500000.00,2023
71,"Servicios de esparcimiento culturales y deportivos, y otros servicios recreativos",2024,140145000000.00,2024
72,Servicios de alojamiento temporal y de preparación de alimentos y bebidas,1993,60417750000.00,1993
72,Servicios de alojamiento temporal y de preparación de alimentos y bebidas,1994,68732500000.00,1994
72,Servicios de alojamiento temporal y de preparación de alimentos y bebidas,1995,74639250000.00,1995
72,Servicios de alojamiento temporal y de preparación de alimentos y bebidas,1996,95240250000.00,1996
72,Servicios de alojamiento temporal y de preparación de alimentos y bebidas,1997,123957000000.00,1997
72,Servicios de alojamiento temporal y de preparación de alimentos y bebidas,1998,155720000000.00,1998
72,Servicios de alojamiento temporal y de preparación de alimentos y bebidas,1999,188672000000.00,1999
72,Servicios de alojamiento temporal y de preparación de alimentos y bebidas,2000,228763750000.00,2000
72,Servicios de alojamiento temporal y de preparación de alimentos y bebidas,2001,251680500000.00,2001
72,Servicios de alojamiento temporal y de preparación de alimentos y bebidas,2002,258431750000.00,2002
72,Servicios de alojamiento temporal y de preparación de alimentos y bebidas,2003,265993750000.00,2003
72,Servicios de alojamiento temporal y de preparación de alimentos y bebidas,2004,283115000000.00,2004
72,Servicios de alojamiento temporal y de preparación de alimentos y bebidas,2005,297977500000.00,2005
72,Servicios de alojamiento temporal y de preparación de alimentos y bebidas,2006,311223000000.00,2006
72,Servicios de alojamiento temporal y de preparación de alimentos y bebidas,2007,328899000000.00,2007
72,Servicios de alojamiento temporal y de preparación de alimentos y bebidas,2008,334148500000.00,2008
72,Servicios de alojamiento temporal y de preparación de alimentos y bebidas,2009,313739750000.00,2009
72,Servicios de alojamiento temporal y de preparación de alimentos y bebidas,2010,332259500000.00,2010
72,Servicios de alojamiento temporal y de preparación de alimentos y bebidas,2011,354696250000.00,2011
72,Servicios de alojamiento temporal y de preparación de alimentos y bebidas,2012,386492250000.00,2012
72,Servicios de alojamiento temporal y de preparación de alimentos y bebidas,2013,403857000000.00,2013
72,Servicios de alojamiento temporal y de preparación de alimentos y bebidas,2014,426747750000.00,2014
72,Servicios de alojamiento temporal y de preparación de alimentos y bebidas,2015,481730500000.00,2015
72,Servicios de alojamiento temporal y de preparación de alimentos y bebidas,2016,515087500000.00,2016
72,Servicios de alojamiento temporal y de preparación de alimentos y bebidas,2017,550618000000.00,2017
72,Servicios de alojamiento temporal y de preparación de alimentos y bebidas,2018,583973750000.00,2018
72,Servicios de alojamiento temporal y de preparación de alimentos y bebidas,2019,620873250000.00,2019
72,Servicios de alojamiento temporal y de preparación de alimentos y bebidas,2020,391489750000.00,2020
72,Servicios de alojamiento temporal y de preparación de alimentos y bebidas,2021,517136250000.00,2021
72,Servicios de alojamiento temporal y de preparación de alimentos y bebidas,2023,753984250000.00,2023
72,Servicios de alojamiento temporal y de preparación de alimentos y bebidas,2024,760555000000.00,2024
81,Otros servicios excepto actividades gubernamentales,1993,47910000000.00,1993
81,Otros servicios excepto actividades gubernamentales,1994,53213000000.00,1994
81,Otros servicios excepto actividades gubernamentales,1995,62088000000.00,1995
81,Otros servicios excepto actividades gubernamentales,1996,76762250000.00,1996
81,Otros servicios excepto actividades gubernamentales,1997,95897750000.00,1997
81,Otros servicios excepto actividades gubernamentales,1998,114197500000.00,1998
81,Otros servicios excepto actividades gubernamentales,1999,136252750000.00,1999
81,Otros servicios excepto actividades gubernamentales,2000,157133000000.00,2000
81,Otros servicios excepto actividades gubernamentales,2001,170411750000.00,2001
81,Otros servicios excepto actividades gubernamentales,2002,180954250000.00,2002
81,Otros servicios excepto actividades gubernamentales,2003,191555750000.00,2003
81,Otros servicios excepto actividades gubernamentales,2004,205196000000.00,2004
81,Otros servicios excepto actividades gubernamentales,2005,220529500000.00,2005
81,Otros servicios excepto actividades gubernamentales,2006,239851250000.00,2006
81,Otros servicios excepto actividades gubernamentales,2007,259377750000.00,2007
81,Otros servicios excepto actividades gubernamentales,2008,274683750000.00,2008
81,Otros servicios excepto actividades gubernamentales,2009,284189250000.00,2009
81,Otros servicios excepto actividades gubernamentales,2010,299547500000.00,2010
81,Otros servicios excepto actividades gubernamentales,2011,314049750000.00,2011
81,Otros servicios excepto actividades gubernamentales,2012,335616500000.00,2012
81,Otros servicios excepto actividades gubernamentales,2013,353924000000.00,2013
81,Otros servicios excepto actividades gubernamentales,2014,367996000000.00,2014
81,Otros servicios excepto actividades gubernamentales,2015,393051000000.00,2015
81,Otros servicios excepto actividades gubernamentales,2016,416236000000.00,2016
81,Otros servicios excepto actividades gubernamentales,2017,434051250000.00,2017
81,Otros servicios excepto actividades gubernamentales,2018,450854500000.00,2018
81,Otros servicios excepto actividades gubernamentales,2019,478427750000.00,2019
81,Otros servicios excepto actividades gubernamentales,2020,438288750000.00,2020
81,Otros servicios excepto actividades gubernamentales,2021,487947750000.00,2021
81,Otros servicios excepto actividades gubernamentales,2023,602644250000.00,2023
81,Otros servicios excepto actividades gubernamentales,2024,641855000000.00,2024
93,"Actividades legislativas, gubernamentales, de impartición de justicia y de organismos internacionales y extraterritoriales",1993,48618500000.00,1993
93,"Actividades legislativas, gubernamentales, de impartición de justicia y de organismos internacionales y extraterritoriales",1994,58430250000.00,1994
93,"Actividades legislativas, gubernamentales, de impartición de justicia y de organismos internacionales y extraterritoriales",1995,68887500000.00,1995
93,"Actividades legislativas, gubernamentales, de impartición de justicia y de organismos internacionales y extraterritoriales",1996,89482750000.00,1996
93,"Actividades legislativas, gubernamentales, de impartición de justicia y de organismos internacionales y extraterritoriales",1997,118030250000.00,1997
93,"Actividades legislativas, gubernamentales, de impartición de justicia y de organismos internacionales y extraterritoriales",1998,142883750000.00,1998
93,"Actividades legislativas, gubernamentales, de impartición de justicia y de organismos internacionales y extraterritoriales",1999,177572750000.00,1999
93,"Actividades legislativas, gubernamentales, de impartición de justicia y de organismos internacionales y extraterritoriales",2000,225853000000.00,2000
93,"Actividades legislativas, gubernamentales, de impartición de justicia y de organismos internacionales y extraterritoriales",2001,246102750000.00,2001
93,"Actividades legislativas, gubernamentales, de impartición de justicia y de organismos internacionales y extraterritoriales",2002,282984500000.00,2002
93,"Actividades legislativas, gubernamentales, de impartición de justicia y de organismos internacionales y extraterritoriales",2003,306787250000.00,2003
93,"Actividades legislativas, gubernamentales, de impartición de justicia y de organismos internacionales y extraterritoriales",2004,325724000000.00,2004
93,"Actividades legislativas, gubernamentales, de impartición de justicia y de organismos internacionales y extraterritoriales",2005,349805750000.00,2005
93,"Actividades legislativas, gubernamentales, de impartición de justicia y de organismos internacionales y extraterritoriales",2006,383471500000.00,2006
93,"Actividades legislativas, gubernamentales, de impartición de justicia y de organismos internacionales y extraterritoriales",2007,419277000000.00,2007
93,"Actividades legislativas, gubernamentales, de impartición de justicia y de organismos internacionales y extraterritoriales",2008,458265000000.00,2008
93,"Actividades legislativas, gubernamentales, de impartición de justicia y de organismos internacionales y extraterritoriales",2009,512246000000.00,2009
93,"Actividades legislativas, gubernamentales, de impartición de justicia y de organismos internacionales y extraterritoriales",2010,559016000000.00,2010
93,"Actividades legislativas, gubernamentales, de impartición de justicia y de organismos internacionales y extraterritoriales",2011,602369000000.00,2011
93,"Actividades legislativas, gubernamentales, de impartición de justicia y de organismos internacionales y extraterritoriales",2012,657184000000.00,2012
93,"Actividades legislativas, gubernamentales, de impartición de justicia y de organismos internacionales y extraterritoriales",2013,670719000000.00,2013
93,"Actividades legislativas, gubernamentales, de impartición de justicia y de organismos internacionales y extraterritoriales",2014,712630000000.00,2014
93,"Actividades legislativas, gubernamentales, de impartición de justicia y de organismos internacionales y extraterritoriales",2015,745952750000.00,2015
93,"Actividades legislativas, gubernamentales, de impartición de justicia y de organismos internacionales y extraterritoriales",2016,768845500000.00,2016
93,"Actividades legislativas, gubernamentales, de impartición de justicia y de organismos internacionales y extraterritoriales",2017,799990250000.00,2017
93,"Actividades legislativas, gubernamentales, de impartición de justicia y de organismos internacionales y extraterritoriales",2018,855373000000.00,2018
93,"Actividades legislativas, gubernamentales, de impartición de justicia y de organismos internacionales y extraterritoriales",2019,872942250000.00,2019
93,"Actividades legislativas, gubernamentales, de impartición de justicia y de organismos internacionales y extraterritoriales",2020,917283000000.00,2020
93,"Actividades legislativas, gubernamentales, de impartición de justicia y de organismos internacionales y extraterritoriales",2021,955276000000.00,2021
93,"Actividades legislativas, gubernamentales, de impartición de justicia y de organismos internacionales y extraterritoriales",2023,1079732000000.00,2023
93,"Actividades legislativas, gubernamentales, de impartición de justicia y de organismos internacionales y extraterritoriales",2024,1087702000000.00,2024
